{
  "candidate_accounting": {
    "passed": 1,
    "rejected": 0,
    "searched": 1
  },
  "canonical_signature": "fold-drawdown-breadth-v1|markets=BTC-USDT,ETH-USDT|source=persisted-net-rolling-oos-returns|folds=26x90-nonoverlapping|comparison=strategy-vs-volatility-targeted-long|fold-metric=maximum-drawdown-from-fold-start-equity|delta=strategy-max-drawdown-minus-benchmark-max-drawdown|claim=mean-fold-drawdown-reduction-positive-in-both-markets|resampling=noncircular-moving-block-bootstrap-over-consecutive-fold-deltas|block-length=3-folds|resamples=2000|confidence=0.95|seeds=BTC-USDT:2026072305,ETH-USDT:2026072306|candidate_count=1",
  "claim_boundary": "Supported only as an unscaled development-market risk-control breadth effect; it is not evidence of alpha, volatility-normalized superiority, or untouched-holdout generalization.",
  "design": {
    "benchmark": "volatility-targeted long",
    "block_length_folds": 3,
    "confidence": 0.95,
    "delta": "strategy maximum drawdown minus benchmark maximum drawdown",
    "expected_fold_observations": 90,
    "expected_folds": 26,
    "fold_metric": "maximum drawdown from fold-start equity",
    "resamples": 2000,
    "seeds": {
      "BTC-USDT": 2026072305,
      "ETH-USDT": 2026072306
    }
  },
  "hypothesis": "BTC-USDT and ETH-USDT each have a positive mean 90-session fold maximum-drawdown reduction versus volatility-targeted long, with a 95% moving-block-bootstrap lower bound above zero.",
  "markets": {
    "BTC-USDT": {
      "benchmark_fold_max_drawdowns": [
        -0.48229666534838034,
        -0.10148549259565731,
        -0.17167865131566795,
        -0.08945528698066352,
        -0.1655408339250546,
        -0.34557764417108694,
        -0.19008918556050547,
        -0.28112766295093883,
        -0.25151321371608326,
        -0.5143107527357784,
        -0.2248439647730649,
        -0.25255275697753576,
        -0.18654353605269525,
        -0.17521892108337933,
        -0.19993959528843008,
        -0.06629500359892981,
        -0.15618819247247417,
        -0.15726364303507268,
        -0.2084056887872856,
        -0.0839881980098185,
        -0.24867788338907182,
        -0.11601018624993831,
        -0.1221307619943548,
        -0.320293086714845,
        -0.3510483682136112,
        -0.259428150227637
      ],
      "confidence_lower": 0.08259070660798212,
      "confidence_upper": 0.18023033643014297,
      "end": "2026-06-07T00:00:00+00:00",
      "fold_drawdown_reductions": [
        0.2419131753959144,
        0.038976537644325515,
        0.07585340044421951,
        0.004850088937460972,
        0.01813524157605939,
        0.2799047783058468,
        0.12490326982722244,
        0.2014063678626994,
        0.2159453090270953,
        0.41147720164047097,
        0.1811450049586778,
        0.11515044696105758,
        0.03763823042465697,
        0.14008662757229662,
        0.15382810700700666,
        0.007578248833002843,
        0.04269240738300206,
        0.02238212342366941,
        0.1021488327927974,
        0.02441523018847558,
        0.11842118626020337,
        0.06719789732089676,
        0.05820251625669537,
        0.2752409763816901,
        0.3510483682136112,
        0.1517619065989788
      ],
      "folds": 26,
      "mean_drawdown_reduction": 0.13316551850915512,
      "median_drawdown_reduction": 0.11678581661063048,
      "nonpositive_reduction_folds": 0,
      "positive_reduction_folds": 26,
      "positive_reduction_share": 1.0,
      "probability_mean_reduction_positive": 1.0,
      "start": "2020-01-11T00:00:00+00:00",
      "strategy_fold_max_drawdowns": [
        -0.24038348995246595,
        -0.0625089549513318,
        -0.09582525087144844,
        -0.08460519804320255,
        -0.1474055923489952,
        -0.06567286586524013,
        -0.06518591573328303,
        -0.07972129508823944,
        -0.03556790468898796,
        -0.10283355109530745,
        -0.043698959814387095,
        -0.13740231001647818,
        -0.14890530562803828,
        -0.03513229351108271,
        -0.04611148828142342,
        -0.05871675476592697,
        -0.11349578508947211,
        -0.13488151961140327,
        -0.1062568559944882,
        -0.059572967821342915,
        -0.13025669712886845,
        -0.04881228892904155,
        -0.06392824573765943,
        -0.04505211033315493,
        0.0,
        -0.10766624362865818
      ]
    },
    "ETH-USDT": {
      "benchmark_fold_max_drawdowns": [
        -0.35691417019425586,
        -0.07911589644029349,
        -0.20153786273560415,
        -0.10149772157808434,
        -0.14432687818039724,
        -0.2656461603583996,
        -0.1889681242142367,
        -0.18497631016770066,
        -0.3038892369627215,
        -0.564975727580856,
        -0.22581056560273705,
        -0.254834349096719,
        -0.15598072467323543,
        -0.2144827612370419,
        -0.22566095724670399,
        -0.11185519735589777,
        -0.21406248076725953,
        -0.15168182329633317,
        -0.3202062338663474,
        -0.1270407513240991,
        -0.3962454879714451,
        -0.19774447285730723,
        -0.13684930218399682,
        -0.34110183273362293,
        -0.3898486091450726,
        -0.34861695859720376
      ],
      "confidence_lower": 0.08933603178085414,
      "confidence_upper": 0.1862256681957965,
      "end": "2026-06-07T00:00:00+00:00",
      "fold_drawdown_reductions": [
        0.1335173934382653,
        0.03850203743058944,
        0.06831240647605341,
        0.0159157550068052,
        0.036954962967705285,
        0.08955164055514686,
        0.12363803199181511,
        0.07297381170950124,
        0.28976075438850324,
        0.42904135046444947,
        0.12609972700985905,
        0.21631152629336525,
        0.06098932621805997,
        0.13099090425669657,
        0.18825149036071898,
        0.07578214079910572,
        0.05316261883257156,
        0.021440097463874208,
        0.07762595974257047,
        0.06452475253082668,
        0.3113682965178822,
        0.14941136119806064,
        0.02214068304138961,
        0.2960172649606776,
        0.2836591068763987,
        0.2700558075723647
      ],
      "folds": 26,
      "mean_drawdown_reduction": 0.14023073877320216,
      "median_drawdown_reduction": 0.10659483627348099,
      "nonpositive_reduction_folds": 0,
      "positive_reduction_folds": 26,
      "positive_reduction_share": 1.0,
      "probability_mean_reduction_positive": 1.0,
      "start": "2020-01-11T00:00:00+00:00",
      "strategy_fold_max_drawdowns": [
        -0.22339677675599057,
        -0.040613859009704045,
        -0.13322545625955073,
        -0.08558196657127914,
        -0.10737191521269196,
        -0.17609451980325275,
        -0.06533009222242159,
        -0.11200249845819943,
        -0.014128482574218282,
        -0.13593437711640655,
        -0.09971083859287799,
        -0.03852282280335373,
        -0.09499139845517546,
        -0.08349185698034534,
        -0.03740946688598501,
        -0.03607305655679205,
        -0.16089986193468797,
        -0.13024172583245897,
        -0.24258027412377692,
        -0.06251599879327241,
        -0.08487719145356287,
        -0.048333111659246586,
        -0.11470861914260722,
        -0.04508456777294534,
        -0.10618950226867385,
        -0.07856115102483907
      ]
    }
  },
  "provenance": {
    "development_markets": [
      "BTC-USDT",
      "ETH-USDT"
    ],
    "market_type": "spot",
    "provider": "OKX",
    "return_file_sha256": {
      "BTC-USDT": "539a8a770ae10c702acac250e59daf417e478896284265ee20225de3e676cf73",
      "ETH-USDT": "027e02ad4c133955b359ba5642fda28ea2e9ad6020895d1eec82d5ec92a379e6"
    },
    "source_artifact_id": 8538033369,
    "source_artifact_name": "quant-research-source-1198-attempt-1",
    "source_artifact_sha256": "30523ece44c47c7c3317f7a5f5e6273eb5886cccb213dae2cc177b86dce007df",
    "source_head_sha": "1f6e5a133cb012be1b8222b0e655b18f675fdb1e",