{
  "activity": {
    "annualized_completed_episodes": 45.625,
    "annualized_position_adjustments": 396.0925925925926,
    "completed_episode_hit_rate": 0.34814814814814815,
    "completed_episode_profit_factor": 1.4050829568557546,
    "completed_exposure_episodes": 135,
    "leader_state_changes": 228,
    "maximum_holding_hours": 1044,
    "mean_holding_hours": 78.62962962962963,
    "median_holding_hours": 18.0,
    "position_adjustment_observations": 1172
  },
  "architecture": {
    "additional_costs_in_pnl": [],
    "decision_cadence_hours": 6,
    "execution_delay_bars": 1,
    "market_regime_lookback_hours": 720,
    "maximum_gross_position": 1.0,
    "momentum_lookback_hours": 168,
    "target_volatility": 0.5,
    "transaction_cost_bps_one_way": 5.0,
    "volatility_lookback_hours": 168
  },
  "benchmark_inference": {
    "equal_weight_buy_and_hold": {
      "block_length": 168,
      "calmar": {
        "lower": -1.4018031918073575,
        "point_delta": 0.1260940177466475,
        "probability_positive": 0.663,
        "upper": 1.883494933590157
      },
      "confidence": 0.95,
      "resamples": 2000,
      "seed": 20260724151,
      "sharpe": {
        "lower": -0.9391585242602936,
        "point_delta": 0.11910212959688038,
        "probability_positive": 0.6255,
        "upper": 1.2657925888160118
      }
    },
    "equal_weight_simple_trend_long_cash": {
      "block_length": 168,
      "calmar": {
        "lower": -1.8730563688618247,
        "point_delta": -0.41625068996633985,
        "probability_positive": 0.2515,
        "upper": 0.723894465267774
      },
      "confidence": 0.95,
      "resamples": 2000,
      "seed": 20260724153,
      "sharpe": {
        "lower": -1.0323947005985086,
        "point_delta": -0.29066344844318803,
        "probability_positive": 0.2305,
        "upper": 0.4900390945935757
      }
    },
    "equal_weight_volatility_targeted_long": {
      "block_length": 168,
      "calmar": {
        "lower": -1.104690882000627,
        "point_delta": 0.17552819256804808,
        "probability_positive": 0.6845,
        "upper": 1.9097785081310403
      },
      "confidence": 0.95,
      "resamples": 2000,
      "seed": 20260724152,
      "sharpe": {
        "lower": -0.846496419192215,
        "point_delta": 0.19204216577783695,
        "probability_positive": 0.6615,
        "upper": 1.310792865391409
      }
    }
  },
  "benchmark_metrics": {
    "equal_weight_buy_and_hold": {
      "annualized_arithmetic_mean": 0.2651918023842568,
      "annualized_turnover": 0.0,
      "cagr": 0.13653879675164182,
      "calmar": 0.22599287481844346,
      "maximum_drawdown": -0.6041730159029721,
      "sharpe": 0.5065042592728501,
      "sortino": 0.705115129813808,
      "total_return": 0.4603888589624541
    },
    "equal_weight_simple_trend_long_cash": {
      "annualized_arithmetic_mean": 0.3040199502207922,
      "annualized_turnover": 141.94444444444446,
      "cagr": 0.28269343146649994,
      "calmar": 0.7683375825314308,
      "maximum_drawdown": -0.3679286786091004,
      "sharpe": 0.9162698373129186,
      "sortino": 1.2983712739812499,
      "total_return": 1.0889363473745122
    },
    "equal_weight_volatility_targeted_long": {
      "annualized_arithmetic_mean": 0.18896526681007664,
      "annualized_turnover": 14.102441771777073,
      "cagr": 0.09844188937544596,
      "calmar": 0.17655869999704288,
      "maximum_drawdown": -0.5575589839361907,
      "sharpe": 0.4335642230918936,
      "sortino": 0.6016416809992852,
      "total_return": 0.3202479103279081
    }
  },
  "calendar_stability": {
    "complete_months": 35,
    "complete_years": 2,
    "months": [
      {
        "complete": true,
        "period": "2023-07",
        "return": -0.12168549277485996
      },
      {
        "complete": true,
        "period": "2023-08",
        "return": -0.019122404977183427
      },
      {
        "complete": true,
        "period": "2023-09",
        "return": 0.005644227288214454
      },
      {
        "complete": true,
        "period": "2023-10",
        "return": 0.18341623617790193
      },
      {
        "complete": true,
        "period": "2023-11",
        "return": -0.016750617849194627
      },
      {
        "complete": true,
        "period": "2023-12",
        "return": 0.0914260910325766
      },
      {
        "complete": true,
        "period": "2024-01",
        "return": -0.01705331345706529
      },
      {
        "complete": true,
        "period": "2024-02",
        "return": 0.32705430870849006
      },
      {
        "complete": true,
        "period": "2024-03",
        "return": 0.043188486442158114
      },
      {
        "complete": true,
        "period": "2024-04",
        "return": -0.03396388420058072
      },
      {
        "complete": true,
        "period": "2024-05",
        "return": 0.03349513453469233
      },
      {
        "complete": true,
        "period": "2024-06",
        "return": -0.004319896034787107
      },
      {
        "complete": true,
        "period": "2024-07",
        "return": -0.07827108082302658
      },
      {
        "complete": true,
        "period": "2024-08",
        "return": 0.0
      },
      {
        "complete": true,
        "period": "2024-09",
        "return": -0.03827502295470109
      },
      {
        "complete": true,
        "period": "2024-10",
        "return": -0.03104014472345873
      },
      {
        "complete": true,
        "period": "2024-11",
        "return": 0.17079408595751477
      },
      {
        "complete": true,
        "period": "2024-12",
        "return": -0.011377272402306682
      },
      {
        "complete": true,
        "period": "2025-01",
        "return": -0.08699091139030468
      },
      {
        "complete": true,
        "period": "2025-02",
        "return": -0.013270765654640027
      },
      {
        "complete": true,
        "period": "2025-03",
        "return": 0.0
      },
      {
        "complete": true,
        "period": "2025-04",
        "return": -0.024642274829582478
      },
      {
        "complete": true,
        "period": "2025-05",
        "return": 0.1696492611811493
      },
      {
        "complete": true,
        "period": "2025-06",
        "return": -0.027876526419937653
      },
      {
        "complete": true,
        "period": "2025-07",
        "return": 0.35909330794240524
      },
      {
        "complete": true,
        "period": "2025-08",
        "return": -0.009999052983716394
      },
      {
        "complete": true,
        "period": "2025-09",
        "return": -0.07650533491598899
      },
      {
        "complete": true,
        "period": "2025-10",
        "return": -0.05688124912127657
      },
      {
        "complete": true,
        "period": "2025-11",
        "return": 0.0
      },
      {
        "complete": true,
        "period": "2025-12",
        "return": -0.0956459710866111
      },
      {
        "complete": true,
        "period": "2026-01",
        "return": -0.07459499148426119
      },
      {
        "complete": true,
        "period": "2026-02",
        "return": 0.0
      },
      {
        "complete": true,
        "period": "2026-03",
        "return": -0.05011622144735095
      },
      {
        "complete": true,
        "period": "2026-04",
        "return": 0.11727297714552787
      },
      {
        "complete": true,
        "period": "2026-05",
        "return": -0.017268807699864164
      },
      {
        "complete": true,
        "period": "2026-06",
        "return": 0.0
      }
    ],
    "profitable_complete_months": 10,
    "profitable_complete_years": 2,
    "years": [
      {
        "complete": false,
        "return": 0.10028393713995887,
        "year": 2023
      },
      {
        "complete": true,
        "return": 0.3448507100182294,
        "year": 2024
      },
      {
        "complete": true,
        "return": 0.05885925610526033,